<?xml version="1.0" encoding="UTF-8"?>
    <addon id="repository.cosas" name="Cosas" version="1.0.0" provider-name="nadie">
        <requires>
            <import addon="xbmc.addon" version="12.0.0"/>
        </requires>
        <extension point="xbmc.addon.repository" name="Cosas">
            <info compressed="false">https://raw.githubusercontent.com/tuabuela/cosas/master/_repo/addons.xml</info>
            <checksum>https://raw.githubusercontent.com/tuabuela/cosas/master/_repo/addons.xml.md5</checksum>
            <datadir zip="true">https://raw.githubusercontent.com/tuabuela/cosas/master/_repo/</datadir>
            <hashes>false</hashes>
        </extension>
        <extension point="xbmc.addon.metadata">
            <summary>cosas</summary>
            <description>cosas</description>
            <platform>all</platform>
    </extension>
</addon>